{"cameraMode":{"drawMode":0,"name":"Shaded","section":"Shading Mode"},"sceneLighting":true,"audioPlay":false,"sceneViewState":{"m_AlwaysRefresh":false,"showFog":true,"showSkybox":true,"showFlares":true,"showImageEffects":true,"showParticleSystems":true,"showVisualEffectGraphs":true,"m_FxEnabled":true},"in2DMode":false,"pivot":{"x":223.65301513671876,"y":0.4219037592411041,"z":119.94783020019531},"rotation":{"x":-0.03585971146821976,"y":0.802308201789856,"z":-0.048446327447891238,"w":-0.5938679575920105},"size":18.182233810424806,"orthographic":false}