{"cameraMode":{"drawMode":0,"name":"Shaded","section":"Shading Mode"},"sceneLighting":false,"audioPlay":false,"sceneViewState":{"m_AlwaysRefresh":false,"showFog":true,"showSkybox":true,"showFlares":true,"showImageEffects":true,"showParticleSystems":true,"showVisualEffectGraphs":true,"m_FxEnabled":true},"in2DMode":false,"pivot":{"x":215.47000122070313,"y":1.3799999952316285,"z":67.97000122070313},"rotation":{"x":-0.1438099592924118,"y":0.002075419295579195,"z":-0.00030170290847308934,"w":-0.9896036982536316},"size":0.9273618459701538,"orthographic":false}